-- --------------------------------------------------------
-- Máy chủ:                      127.0.0.1
-- Server version:               10.4.28-MariaDB - mariadb.org binary distribution
-- Server OS:                    Win64
-- HeidiSQL Phiên bản:           12.8.0.6908
-- --------------------------------------------------------

/*!40101 SET @OLD_CHARACTER_SET_CLIENT=@@CHARACTER_SET_CLIENT */;
/*!40101 SET NAMES utf8 */;
/*!50503 SET NAMES utf8mb4 */;
/*!40103 SET @OLD_TIME_ZONE=@@TIME_ZONE */;
/*!40103 SET TIME_ZONE='+00:00' */;
/*!40014 SET @OLD_FOREIGN_KEY_CHECKS=@@FOREIGN_KEY_CHECKS, FOREIGN_KEY_CHECKS=0 */;
/*!40101 SET @OLD_SQL_MODE=@@SQL_MODE, SQL_MODE='NO_AUTO_VALUE_ON_ZERO' */;
/*!40111 SET @OLD_SQL_NOTES=@@SQL_NOTES, SQL_NOTES=0 */;

-- Dumping data for table products.bid_history: ~86 rows (approximately)
INSERT INTO `bid_history` (`id`, `product_id`, `user_id`, `bid_amount`, `bid_time`) VALUES
	(1, 30, '5GYs7HKFgkPybUmK6KQ80mNBrZh1', 1413232.06, '2025-04-25 08:58:15'),
	(2, 30, '5GYs7HKFgkPybUmK6KQ80mNBrZh1', 1413232.07, '2025-04-25 08:58:22'),
	(3, 30, '5GYs7HKFgkPybUmK6KQ80mNBrZh1', 1413232.08, '2025-04-25 08:58:25'),
	(4, 30, '5GYs7HKFgkPybUmK6KQ80mNBrZh1', 1413232.09, '2025-04-25 08:58:39'),
	(5, 30, '5GYs7HKFgkPybUmK6KQ80mNBrZh1', 1413232.10, '2025-04-25 08:58:41'),
	(6, 30, '5GYs7HKFgkPybUmK6KQ80mNBrZh1', 1413232.11, '2025-04-25 08:58:42'),
	(7, 30, '5GYs7HKFgkPybUmK6KQ80mNBrZh1', 1413232.12, '2025-04-25 08:58:43'),
	(8, 30, '5GYs7HKFgkPybUmK6KQ80mNBrZh1', 1413232.13, '2025-04-25 08:58:44'),
	(9, 29, '5GYs7HKFgkPybUmK6KQ80mNBrZh1', 1321322.01, '2025-04-25 09:03:49'),
	(10, 29, '8YXSWlstrGfHE4cvkEuoFltogY42', 1321322.02, '2025-04-25 09:04:07'),
	(11, 29, '5GYs7HKFgkPybUmK6KQ80mNBrZh1', 1321322.03, '2025-04-25 09:04:10'),
	(12, 29, '8YXSWlstrGfHE4cvkEuoFltogY42', 1321322.04, '2025-04-25 09:04:13'),
	(13, 29, '8YXSWlstrGfHE4cvkEuoFltogY42', 1321322.05, '2025-04-25 09:04:15'),
	(14, 29, '8YXSWlstrGfHE4cvkEuoFltogY42', 1321322.06, '2025-04-25 09:04:15'),
	(15, 29, '5GYs7HKFgkPybUmK6KQ80mNBrZh1', 1321322.07, '2025-04-25 09:04:20'),
	(16, 29, '5GYs7HKFgkPybUmK6KQ80mNBrZh1', 1321322.08, '2025-04-25 09:04:21'),
	(17, 29, '8YXSWlstrGfHE4cvkEuoFltogY42', 1321322.09, '2025-04-25 09:04:25'),
	(18, 29, '8YXSWlstrGfHE4cvkEuoFltogY42', 1321322.10, '2025-04-25 09:04:26'),
	(19, 29, '5GYs7HKFgkPybUmK6KQ80mNBrZh1', 1321322.11, '2025-04-25 09:04:29'),
	(20, 29, '5GYs7HKFgkPybUmK6KQ80mNBrZh1', 1321322.12, '2025-04-25 09:04:30'),
	(21, 29, '5GYs7HKFgkPybUmK6KQ80mNBrZh1', 1329322.13, '2025-04-25 09:05:39'),
	(22, 29, '5GYs7HKFgkPybUmK6KQ80mNBrZh1', 1329322.14, '2025-04-25 09:12:48'),
	(23, 29, '5GYs7HKFgkPybUmK6KQ80mNBrZh1', 1329322.15, '2025-04-25 09:12:51'),
	(24, 29, '4USb5jsNK4Yxhh9CrWvZJh4widm1', 1329322.16, '2025-04-25 09:17:24'),
	(25, 31, '8YXSWlstrGfHE4cvkEuoFltogY42', 35133332.01, '2025-04-25 09:35:12'),
	(26, 31, '4USb5jsNK4Yxhh9CrWvZJh4widm1', 38133332.02, '2025-04-25 09:37:17'),
	(27, 32, '4USb5jsNK4Yxhh9CrWvZJh4widm1', 1233223.01, '2025-04-28 08:32:12'),
	(28, 33, '5GYs7HKFgkPybUmK6KQ80mNBrZh1', 33232.01, '2025-04-29 16:05:49'),
	(29, 33, '5GYs7HKFgkPybUmK6KQ80mNBrZh1', 33232.02, '2025-04-29 16:05:53'),
	(30, 34, '5GYs7HKFgkPybUmK6KQ80mNBrZh1', 21323.01, '2025-04-29 16:36:55'),
	(31, 22, '5GYs7HKFgkPybUmK6KQ80mNBrZh1', 3232322.01, '2025-04-30 03:05:00'),
	(32, 22, '5GYs7HKFgkPybUmK6KQ80mNBrZh1', 3232322.02, '2025-04-30 03:05:03'),
	(33, 24, '5GYs7HKFgkPybUmK6KQ80mNBrZh1', 313233.01, '2025-04-30 03:27:52'),
	(34, 24, '5GYs7HKFgkPybUmK6KQ80mNBrZh1', 313233.02, '2025-04-30 03:27:54'),
	(35, 15, '5GYs7HKFgkPybUmK6KQ80mNBrZh1', 2545435.01, '2025-05-04 14:22:20'),
	(36, 15, '5GYs7HKFgkPybUmK6KQ80mNBrZh1', 2545435.02, '2025-05-04 14:22:23'),
	(37, 15, '5GYs7HKFgkPybUmK6KQ80mNBrZh1', 2545435.03, '2025-05-04 14:22:42'),
	(38, 34, '4USb5jsNK4Yxhh9CrWvZJh4widm1', 1321322.01, '2025-05-09 06:58:48'),
	(39, 34, '4USb5jsNK4Yxhh9CrWvZJh4widm1', 1321322.02, '2025-05-09 07:04:06'),
	(40, 34, '4USb5jsNK4Yxhh9CrWvZJh4widm1', 1321322.03, '2025-05-09 07:04:18'),
	(41, 34, '4USb5jsNK4Yxhh9CrWvZJh4widm1', 1321322.04, '2025-05-09 07:12:00'),
	(42, 34, '4USb5jsNK4Yxhh9CrWvZJh4widm1', 1321322.05, '2025-05-09 07:17:54'),
	(43, 34, '4USb5jsNK4Yxhh9CrWvZJh4widm1', 1321322.06, '2025-05-09 07:19:02'),
	(44, 34, '4USb5jsNK4Yxhh9CrWvZJh4widm1', 1321322.07, '2025-05-09 07:34:21'),
	(45, 34, '4USb5jsNK4Yxhh9CrWvZJh4widm1', 1321322.08, '2025-05-09 07:35:50'),
	(46, 10, '4USb5jsNK4Yxhh9CrWvZJh4widm1', 76767676.01, '2025-05-10 07:01:12'),
	(47, 10, '4USb5jsNK4Yxhh9CrWvZJh4widm1', 76767676.02, '2025-05-10 07:01:13'),
	(48, 10, '4USb5jsNK4Yxhh9CrWvZJh4widm1', 76767676.03, '2025-05-10 07:01:14'),
	(49, 10, '4USb5jsNK4Yxhh9CrWvZJh4widm1', 76767676.04, '2025-05-10 07:01:17'),
	(50, 7, '4USb5jsNK4Yxhh9CrWvZJh4widm1', 9867676.01, '2025-05-11 03:23:19'),
	(51, 7, '4USb5jsNK4Yxhh9CrWvZJh4widm1', 9867676.02, '2025-05-11 03:23:20'),
	(52, 7, '4USb5jsNK4Yxhh9CrWvZJh4widm1', 9867676.03, '2025-05-11 03:23:21'),
	(53, 1, '5GYs7HKFgkPybUmK6KQ80mNBrZh1', 6212122.00, '2025-05-11 09:39:38'),
	(54, 4, '4USb5jsNK4Yxhh9CrWvZJh4widm1', 5321323.00, '2025-05-12 07:37:34'),
	(55, 4, '4USb5jsNK4Yxhh9CrWvZJh4widm1', 10321323.00, '2025-05-12 07:37:53'),
	(56, 5, '4USb5jsNK4Yxhh9CrWvZJh4widm1', 7324344.00, '2025-05-13 07:12:21'),
	(57, 5, '4USb5jsNK4Yxhh9CrWvZJh4widm1', 12324344.00, '2025-05-13 07:12:48'),
	(58, 5, '5GYs7HKFgkPybUmK6KQ80mNBrZh1', 17324344.00, '2025-05-13 07:17:01'),
	(59, 5, '4USb5jsNK4Yxhh9CrWvZJh4widm1', 22324344.00, '2025-05-13 07:17:48'),
	(60, 5, '5GYs7HKFgkPybUmK6KQ80mNBrZh1', 27324344.00, '2025-05-13 07:51:09'),
	(61, 5, '4USb5jsNK4Yxhh9CrWvZJh4widm1', 32324344.00, '2025-05-13 07:51:50'),
	(62, 5, '5GYs7HKFgkPybUmK6KQ80mNBrZh1', 37324344.00, '2025-05-13 07:53:36'),
	(63, 5, '5GYs7HKFgkPybUmK6KQ80mNBrZh1', 42324344.00, '2025-05-13 08:04:32'),
	(64, 5, '5GYs7HKFgkPybUmK6KQ80mNBrZh1', 47324344.00, '2025-05-13 08:13:53'),
	(65, 6, '5GYs7HKFgkPybUmK6KQ80mNBrZh1', 5433523.00, '2025-05-13 08:27:16'),
	(66, 6, '5GYs7HKFgkPybUmK6KQ80mNBrZh1', 10433523.00, '2025-05-13 08:27:25'),
	(67, 10, '5GYs7HKFgkPybUmK6KQ80mNBrZh1', 81767676.00, '2025-05-15 05:24:26'),
	(68, 10, '5GYs7HKFgkPybUmK6KQ80mNBrZh1', 86767676.00, '2025-05-15 05:24:36'),
	(69, 9, '5GYs7HKFgkPybUmK6KQ80mNBrZh1', 5054345.00, '2025-05-15 08:34:18'),
	(70, 9, '4USb5jsNK4Yxhh9CrWvZJh4widm1', 10054345.00, '2025-05-15 08:34:44'),
	(71, 9, '5GYs7HKFgkPybUmK6KQ80mNBrZh1', 15054345.00, '2025-05-15 08:35:07'),
	(72, 8, '5GYs7HKFgkPybUmK6KQ80mNBrZh1', 5543545.00, '2025-05-15 08:48:11'),
	(73, 8, '4USb5jsNK4Yxhh9CrWvZJh4widm1', 10543545.00, '2025-05-15 08:48:21'),
	(74, 8, '5GYs7HKFgkPybUmK6KQ80mNBrZh1', 15543545.00, '2025-05-15 08:49:08'),
	(75, 8, '4USb5jsNK4Yxhh9CrWvZJh4widm1', 20543545.00, '2025-05-15 08:50:26'),
	(76, 8, '5GYs7HKFgkPybUmK6KQ80mNBrZh1', 25543545.00, '2025-05-15 08:50:30'),
	(77, 12, '5GYs7HKFgkPybUmK6KQ80mNBrZh1', 47334343.00, '2025-05-15 09:04:23'),
	(78, 13, '5GYs7HKFgkPybUmK6KQ80mNBrZh1', 5033252.00, '2025-05-15 09:29:50'),
	(79, 13, '4USb5jsNK4Yxhh9CrWvZJh4widm1', 10033252.00, '2025-05-15 09:30:02'),
	(80, 13, '5GYs7HKFgkPybUmK6KQ80mNBrZh1', 15033252.00, '2025-05-15 09:30:05'),
	(81, 16, '5GYs7HKFgkPybUmK6KQ80mNBrZh1', 7343432.00, '2025-05-15 09:30:35'),
	(82, 13, '5GYs7HKFgkPybUmK6KQ80mNBrZh1', 20033252.00, '2025-05-15 09:36:14'),
	(83, 13, '4USb5jsNK4Yxhh9CrWvZJh4widm1', 25033252.00, '2025-05-15 09:36:29'),
	(84, 13, '5GYs7HKFgkPybUmK6KQ80mNBrZh1', 30033252.00, '2025-05-15 09:36:33'),
	(85, 16, '5GYs7HKFgkPybUmK6KQ80mNBrZh1', 12343432.00, '2025-05-15 09:36:40'),
	(86, 17, '5GYs7HKFgkPybUmK6KQ80mNBrZh1', 9342322.00, '2025-05-15 09:52:55'),
	(87, 17, '4USb5jsNK4Yxhh9CrWvZJh4widm1', 14342322.00, '2025-05-15 09:52:59'),
	(88, 17, '5GYs7HKFgkPybUmK6KQ80mNBrZh1', 19342322.00, '2025-05-15 09:53:02'),
	(89, 18, '5GYs7HKFgkPybUmK6KQ80mNBrZh1', 5012323.00, '2025-05-15 09:53:43'),
	(90, 19, '4USb5jsNK4Yxhh9CrWvZJh4widm1', 6111111.00, '2025-05-15 15:10:07'),
	(91, 19, '5GYs7HKFgkPybUmK6KQ80mNBrZh1', 11111111.00, '2025-05-15 15:10:10'),
	(92, 19, '4USb5jsNK4Yxhh9CrWvZJh4widm1', 16111111.00, '2025-05-15 15:10:12'),
	(93, 19, '5GYs7HKFgkPybUmK6KQ80mNBrZh1', 21111111.00, '2025-05-15 15:10:13'),
	(94, 20, '4USb5jsNK4Yxhh9CrWvZJh4widm1', 6111111.00, '2025-05-15 15:20:20'),
	(95, 21, '5GYs7HKFgkPybUmK6KQ80mNBrZh1', 6212121.00, '2025-05-15 15:33:01'),
	(96, 21, '4USb5jsNK4Yxhh9CrWvZJh4widm1', 11212121.00, '2025-05-15 15:33:24'),
	(97, 21, '5GYs7HKFgkPybUmK6KQ80mNBrZh1', 16212121.00, '2025-05-15 15:33:26'),
	(98, 38, '5GYs7HKFgkPybUmK6KQ80mNBrZh1', 14000000.00, '2025-05-16 08:37:40'),
	(99, 38, '4USb5jsNK4Yxhh9CrWvZJh4widm1', 19000000.00, '2025-05-16 08:37:46'),
	(100, 37, '5GYs7HKFgkPybUmK6KQ80mNBrZh1', 14000000.00, '2025-05-17 02:34:05'),
	(101, 36, '5GYs7HKFgkPybUmK6KQ80mNBrZh1', 10000000.00, '2025-05-17 02:34:09'),
	(102, 35, '5GYs7HKFgkPybUmK6KQ80mNBrZh1', 6000000.00, '2025-05-17 02:43:48'),
	(103, 28, '5GYs7HKFgkPybUmK6KQ80mNBrZh1', 6321322.00, '2025-05-17 02:54:10'),
	(104, 26, '5GYs7HKFgkPybUmK6KQ80mNBrZh1', 6232132.00, '2025-05-20 05:40:12'),
	(105, 27, '5GYs7HKFgkPybUmK6KQ80mNBrZh1', 6321322.00, '2025-05-20 08:00:41'),
	(106, 27, '4USb5jsNK4Yxhh9CrWvZJh4widm1', 11321322.00, '2025-05-20 08:01:22'),
	(107, 25, '5GYs7HKFgkPybUmK6KQ80mNBrZh1', 5123232.00, '2025-05-20 08:01:31'),
	(108, 27, '5GYs7HKFgkPybUmK6KQ80mNBrZh1', 16321322.00, '2025-05-20 08:02:29');

-- Dumping data for table products.notifications: ~39 rows (approximately)
INSERT INTO `notifications` (`id`, `user_id`, `message`, `type`, `is_read`, `created_at`) VALUES
	(1, '5GYs7HKFgkPybUmK6KQ80mNBrZh1', 'You have a new bid on your product.', 'auction', 1, '2025-05-13 17:15:44'),
	(2, '5GYs7HKFgkPybUmK6KQ80mNBrZh1', 'Your product is overdue', 'cancel', 1, '2025-05-15 15:10:11'),
	(3, '5GYs7HKFgkPybUmK6KQ80mNBrZh1', 'You have successfully bid on product "Mouawad 1001 Nights Diamond Purse" at price 15054345.00 VND', 'auction', 1, '2025-05-15 15:37:01'),
	(6, '5GYs7HKFgkPybUmK6KQ80mNBrZh1', 'Payment confirmation successful', 'confirm', 1, '2025-05-15 15:38:52'),
	(7, '5GYs7HKFgkPybUmK6KQ80mNBrZh1', 'Your price for product Chanel Diamond Forever Bag has been exceeded', 'bid', 1, '2025-05-15 15:48:21'),
	(8, '4USb5jsNK4Yxhh9CrWvZJh4widm1', 'Your price for product Chanel Diamond Forever Bag has been exceeded', 'bid', 0, '2025-05-15 15:49:08'),
	(9, '5GYs7HKFgkPybUmK6KQ80mNBrZh1', 'Your price for product Chanel Diamond Forever Bag has been exceeded', 'bid', 1, '2025-05-15 15:50:26'),
	(10, '4USb5jsNK4Yxhh9CrWvZJh4widm1', 'Your price for product Chanel Diamond Forever Bag has been exceeded', 'bid', 0, '2025-05-15 15:50:30'),
	(11, '5GYs7HKFgkPybUmK6KQ80mNBrZh1', 'Payment confirmation successful', 'confirm', 1, '2025-05-15 15:51:24'),
	(12, '5GYs7HKFgkPybUmK6KQ80mNBrZh1', 'You have successfully bid on product "Chanel Diamond Forever Bag" at price 25543545.00 VND', 'auction', 1, '2025-05-15 15:53:53'),
	(13, '5GYs7HKFgkPybUmK6KQ80mNBrZh1', 'You have successfully bid on product "Prada Brandy Top Handle Bag" at price 47334343.00 VND', 'auction', 1, '2025-05-15 16:07:28'),
	(14, '5GYs7HKFgkPybUmK6KQ80mNBrZh1', 'Your price for product Judith Leiber Precious Rose has been exceeded', 'bid', 1, '2025-05-15 16:30:02'),
	(15, '4USb5jsNK4Yxhh9CrWvZJh4widm1', 'Your price for product Judith Leiber Precious Rose has been exceeded', 'bid', 0, '2025-05-15 16:30:05'),
	(16, '5GYs7HKFgkPybUmK6KQ80mNBrZh1', 'Your price for product Judith Leiber Precious Rose has been exceeded', 'bid', 1, '2025-05-15 16:36:29'),
	(17, '4USb5jsNK4Yxhh9CrWvZJh4widm1', 'Your price for product Judith Leiber Precious Rose has been exceeded', 'bid', 0, '2025-05-15 16:36:33'),
	(18, '5GYs7HKFgkPybUmK6KQ80mNBrZh1', 'Your price for product 5GYs7HKFgkPybUmK6KQ80mNBrZh1 has been exceeded', 'bid', 1, '2025-05-15 16:52:59'),
	(19, '4USb5jsNK4Yxhh9CrWvZJh4widm1', 'Your price for product 4USb5jsNK4Yxhh9CrWvZJh4widm1 has been exceeded', 'bid', 0, '2025-05-15 16:53:02'),
	(20, '5GYs7HKFgkPybUmK6KQ80mNBrZh1', 'You won product "Qianlong porcelain vase" at price 19342322.00 VND', 'auction', 1, '2025-05-15 16:55:49'),
	(21, '5GYs7HKFgkPybUmK6KQ80mNBrZh1', 'You won product "Headset A31KQ" at price 5012323.00 VND', 'auction', 1, '2025-05-15 16:57:36'),
	(22, '4USb5jsNK4Yxhh9CrWvZJh4widm1', 'Your price for product Laptop Dell  has been exceeded', 'bid', 0, '2025-05-15 22:10:10'),
	(23, '5GYs7HKFgkPybUmK6KQ80mNBrZh1', 'Your price for product Laptop Dell  has been exceeded', 'bid', 1, '2025-05-15 22:10:12'),
	(24, '4USb5jsNK4Yxhh9CrWvZJh4widm1', 'Your price for product Laptop Dell  has been exceeded', 'bid', 0, '2025-05-15 22:10:13'),
	(25, '5GYs7HKFgkPybUmK6KQ80mNBrZh1', 'You won product "Laptop Dell " at price 21111111.00 VND', 'auction', 1, '2025-05-15 22:13:31'),
	(26, '5GYs7HKFgkPybUmK6KQ80mNBrZh1', 'Payment confirmation successful', 'confirm', 1, '2025-05-15 22:18:59'),
	(27, '4USb5jsNK4Yxhh9CrWvZJh4widm1', 'You won product "Motobike" at price 6111111.00 VND', 'auction', 0, '2025-05-15 22:22:08'),
	(28, '5GYs7HKFgkPybUmK6KQ80mNBrZh1', 'Your price for product Magic pad has been exceeded', 'bid', 1, '2025-05-15 22:33:24'),
	(29, '4USb5jsNK4Yxhh9CrWvZJh4widm1', 'Your price for product Magic pad has been exceeded', 'bid', 0, '2025-05-15 22:33:26'),
	(30, '5GYs7HKFgkPybUmK6KQ80mNBrZh1', 'You won product "Magic pad" at price 16212121.00 VND', 'auction', 1, '2025-05-15 22:36:38'),
	(31, '5GYs7HKFgkPybUmK6KQ80mNBrZh1', 'Your price for product  Hermès Birkin Bag has been exceeded', 'bid', 1, '2025-05-16 15:37:46'),
	(32, '5GYs7HKFgkPybUmK6KQ80mNBrZh1', 'Payment confirmation successful', 'confirm', 1, '2025-05-16 15:38:47'),
	(33, '4USb5jsNK4Yxhh9CrWvZJh4widm1', 'You won product " Hermès Birkin Bag" at price 19000000.00 VND', 'auction', 0, '2025-05-16 15:41:00'),
	(34, '5GYs7HKFgkPybUmK6KQ80mNBrZh1', 'You won product "Macallan 1926 Fine & Rare " at price 14000000.00 VND', 'auction', 1, '2025-05-17 09:37:47'),
	(35, '5GYs7HKFgkPybUmK6KQ80mNBrZh1', 'You won product "Bugatti La Voiture Noire" at price 10000000.00 VND', 'auction', 1, '2025-05-17 09:37:54'),
	(36, '5GYs7HKFgkPybUmK6KQ80mNBrZh1', 'You won product "Rolex Daytona Rainbow " at price 6000000.00 VND', 'auction', 1, '2025-05-17 09:44:02'),
	(37, '5GYs7HKFgkPybUmK6KQ80mNBrZh1', 'Your product is overdue', 'cancel', 1, '2025-05-19 14:20:38'),
	(38, '5GYs7HKFgkPybUmK6KQ80mNBrZh1', 'Your product is overdue', 'cancel', 1, '2025-05-20 12:37:46'),
	(39, '5GYs7HKFgkPybUmK6KQ80mNBrZh1', 'You won product "Soffell" at price 6232132.00 VND', 'auction', 1, '2025-05-20 12:42:00'),
	(40, '5GYs7HKFgkPybUmK6KQ80mNBrZh1', 'You won product "Natri Clorid 2" at price 6321322.00 VND', 'auction', 0, '2025-05-20 14:47:39'),
	(41, '5GYs7HKFgkPybUmK6KQ80mNBrZh1', 'Your price for product Natri Clorid has been exceeded', 'bid', 0, '2025-05-20 15:01:22'),
	(42, '4USb5jsNK4Yxhh9CrWvZJh4widm1', 'Your price for product Natri Clorid has been exceeded', 'bid', 0, '2025-05-20 15:02:29'),
	(43, '5GYs7HKFgkPybUmK6KQ80mNBrZh1', 'You won product "Natri Clorid" at price 16321322.00 VND', 'auction', 0, '2025-05-20 15:03:00'),
	(44, '5GYs7HKFgkPybUmK6KQ80mNBrZh1', 'You won product "Stephen Hawking" at price 5123232.00 VND', 'auction', 0, '2025-05-20 15:03:05'),
	(45, '5GYs7HKFgkPybUmK6KQ80mNBrZh1', 'Payment confirmation successful', 'confirm', 0, '2025-05-20 15:05:08'),
	(46, '5GYs7HKFgkPybUmK6KQ80mNBrZh1', 'Payment confirmation successful', 'confirm', 0, '2025-05-20 15:08:52');

-- Dumping data for table products.payments: ~14 rows (approximately)
INSERT INTO `payments` (`id`, `user_id`, `won_item_id`, `paid_at`, `shipping_address`, `phoneNumber`, `deliveredTime`, `shipping_method`) VALUES
	(1, '5GYs7HKFgkPybUmK6KQ80mNBrZh1', 8, '2025-05-06 14:58:38', 'Hue, đà nẵng, vn', '0867797246', '2025-05-10 15:08:44', 'Standard'),
	(2, '5GYs7HKFgkPybUmK6KQ80mNBrZh1', 7, '2025-05-06 15:08:44', 'Hue, đà nẵng, vn', '0867797246', '2025-05-10 15:08:44', 'Standard'),
	(3, '5GYs7HKFgkPybUmK6KQ80mNBrZh1', 6, '2025-05-06 15:34:14', 'Da Nang, đà nẵng, vn', '0867797246', '2025-05-10 15:34:14', 'Standard'),
	(4, '5GYs7HKFgkPybUmK6KQ80mNBrZh1', 6, '2025-05-06 15:36:18', 'Da Nang, đà nẵng, vn', '0867797246', '2025-05-10 15:36:18', 'Standard'),
	(5, '5GYs7HKFgkPybUmK6KQ80mNBrZh1', 5, '2025-05-06 15:43:29', 'Hue, đà nẵng, vn', '0867797246', '2025-05-10 15:43:29', 'Standard'),
	(6, '5GYs7HKFgkPybUmK6KQ80mNBrZh1', 2, '2025-05-06 15:44:49', 'Hue, đà nẵng, vn', '0867797246', '2025-05-10 15:44:49', 'Standard'),
	(7, '4USb5jsNK4Yxhh9CrWvZJh4widm1', 4, '2025-05-06 15:50:11', 'Hue, đà nẵng, vn', '0867797246', '2025-05-10 15:50:11', 'Standard'),
	(8, '4USb5jsNK4Yxhh9CrWvZJh4widm1', 3, '2025-05-09 16:37:50', 'Hue, đà nẵng, ds', '0867797246', '2025-05-13 16:37:50', 'Standard'),
	(9, '4USb5jsNK4Yxhh9CrWvZJh4widm1', 1, '2025-05-11 10:14:44', 'Hue, dsadsa, xc', '0867797246', '2025-05-15 10:14:44', 'Express'),
	(10, '4USb5jsNK4Yxhh9CrWvZJh4widm1', 9, '2025-05-11 10:24:35', 'Hue, đà nẵng, vn', '0867797246', '2025-05-15 10:24:35', 'Pickup'),
	(11, '4USb5jsNK4Yxhh9CrWvZJh4widm1', 10, '2025-05-12 15:30:55', 'Hue, đà nẵng, xc', '0867797246', '2025-05-16 15:30:55', 'Express'),
	(12, '5GYs7HKFgkPybUmK6KQ80mNBrZh1', 13, '2025-05-15 15:25:30', 'Da Nang, đà nẵng, vn', '0867797246', '2025-05-19 15:25:30', 'Express'),
	(13, '5GYs7HKFgkPybUmK6KQ80mNBrZh1', 14, '2025-05-15 15:38:52', 'Hue, đà nẵng, vn', '0867797246', '2025-05-19 15:38:52', 'Express'),
	(14, '5GYs7HKFgkPybUmK6KQ80mNBrZh1', 11, '2025-05-15 15:51:24', 'Hue, đà nẵng, xc', '0867797246', '2025-05-19 15:51:24', 'Express'),
	(15, '5GYs7HKFgkPybUmK6KQ80mNBrZh1', 17, '2025-05-15 22:18:59', 'Hue, đà nẵng, vn', '0867797246', '2025-05-19 22:18:59', 'Standard'),
	(16, '5GYs7HKFgkPybUmK6KQ80mNBrZh1', 18, '2025-05-16 15:38:47', 'Hue, đà nẵng, vn', '0867797246', '2025-05-20 15:38:47', 'Express'),
	(17, '5GYs7HKFgkPybUmK6KQ80mNBrZh1', 30, '2025-05-20 15:05:08', 'Hue, đà nẵng, vn', '0867797246', '2025-05-24 15:05:08', 'Express'),
	(18, '5GYs7HKFgkPybUmK6KQ80mNBrZh1', 29, '2025-05-20 15:08:52', 'Hue, đà nẵng, xc', '0867797246', '2025-05-24 15:08:52', 'Express');

-- Dumping data for table products.product: ~38 rows (approximately)
INSERT INTO `product` (`id`, `name`, `startingPrice`, `auctionTime`, `category`, `images`, `description`, `highest_bid`, `highest_bidder_user`) VALUES
	(1, 'Nike Off-White x Air Jordan 1 Retro High OG ‘Chicago’ ', 1212122.00, '2025-05-11 16:15:00', 'Sports Memorabilia', '["1744363469490_prod-3(1).png","1744363469490_prod-3(2).png","1744363469491_prod-3(3).png","1744363469492_prod-3(4).png"]', 'This elegant vintage wristwatch combines timeless design with precise Swiss craftsmanship, making it a standout accessory for any collection. The stainless steel case, paired with a genuine leather strap, showcases both durability and classic style. Perfectly functional and well-maintained, it offers both aesthetic appeal and everyday usability for watch enthusiasts.', 6212122.00, '5GYs7HKFgkPybUmK6KQ80mNBrZh1'),
	(2, 'New Sacai x Nike LD Waffle Black White ', 123233.00, '2025-05-15 12:19:00', 'Sports Memorabilia', '["1744363613524_prod-4(1).png","1744363613547_prod-4(2).png","1744363613552_prod-4(3).png","1744363613558_prod-4(4).png"]', 'This elegant vintage wristwatch combines timeless design with precise Swiss craftsmanship, making it a standout accessory for any collection. The stainless steel case, paired with a genuine leather strap, showcases both durability and classic style. Perfectly functional and well-maintained, it offers both aesthetic appeal and everyday usability for watch enthusiasts.', 123233.00, NULL),
	(3, 'Nike Dunk Low Retro Men\'s Shoes', 343244.00, '2025-04-10 08:18:00', 'Sports Memorabilia', '["1744363683984_prod-6(1).png","1744363683984_prod-6(2).png","1744363683984_prod-6(3).png","1744363683984_prod-6(4).png"]', 'This elegant vintage wristwatch combines timeless design with precise Swiss craftsmanship, making it a standout accessory for any collection. The stainless steel case, paired with a genuine leather strap, showcases both durability and classic style. Perfectly functional and well-maintained, it offers both aesthetic appeal and everyday usability for watch enthusiasts.', 343244.00, NULL),
	(4, 'Nike Dunk High Retro Men\'s Gymnastic', 321323.00, '2025-05-12 13:38:00', 'Luxury Watches & Jewelry', '["1744363706990_prod-7(1).png","1744363706992_prod-7(2).png","1744363706994_prod-7(3).png","1744363706995_prod-7(4).png"]', 'This elegant vintage wristwatch combines timeless design with precise Swiss craftsmanship, making it a standout accessory for any collection. The stainless steel case, paired with a genuine leather strap, showcases both durability and classic style. Perfectly functional and well-maintained, it offers both aesthetic appeal and everyday usability for watch enthusiasts.', 10321323.00, '4USb5jsNK4Yxhh9CrWvZJh4widm1'),
	(5, 'Adidas ZX 8000 Kawasaki Shoes Men\'s', 2324344.00, '2025-05-13 14:15:00', 'Luxury Watches & Jewelry', '["1744363729390_prod-8(1).png","1744363729391_prod-8(2).png","1744363729391_prod-8(3).png","1744363729392_prod-8(4).png"]', 'This elegant vintage wristwatch combines timeless design with precise Swiss craftsmanship, making it a standout accessory for any collection. The stainless steel case, paired with a genuine leather strap, showcases both durability and classic style. Perfectly functional and well-maintained, it offers both aesthetic appeal and everyday usability for watch enthusiasts.', 47324344.00, '5GYs7HKFgkPybUmK6KQ80mNBrZh1'),
	(6, 'Himalaya handbags', 433523.00, '2025-05-15 14:10:00', 'Electronics & Gadgets', '["1744363771354_prod-27(1).jpg","1744363771354_prod-27(2).jpg","1744363771354_prod-27(3).jpg","1744363771354_prod-27.jpg"]', 'This elegant vintage wristwatch combines timeless design with precise Swiss craftsmanship, making it a standout accessory for any collection. The stainless steel case, paired with a genuine leather strap, showcases both durability and classic style. Perfectly functional and well-maintained, it offers both aesthetic appeal and everyday usability for watch enthusiasts.', 10433523.00, '5GYs7HKFgkPybUmK6KQ80mNBrZh1'),
	(7, 'GIOVANNI handbags', 9867676.00, '2025-05-11 09:24:00', 'Art & Collectibles', '["1744363794671_prod-32(1).jpg","1744363794671_prod-32(2).jpg","1744363794671_prod-32(3).jpg","1744363794672_prod-32.jpg"]', 'This elegant vintage wristwatch combines timeless design with precise Swiss craftsmanship, making it a standout accessory for any collection. The stainless steel case, paired with a genuine leather strap, showcases both durability and classic style. Perfectly functional and well-maintained, it offers both aesthetic appeal and everyday usability for watch enthusiasts.', 9867676.03, '4USb5jsNK4Yxhh9CrWvZJh4widm1'),
	(8, 'Chanel Diamond Forever Bag', 543545.00, '2025-05-15 14:53:00', 'Fashion & Accessories', '["1744363822347_prod-31(1).jpg","1744363822347_prod-31(2).jpg","1744363822347_prod-31(3).jpg","1744363822348_prod-31.jpg"]', 'This elegant vintage wristwatch combines timeless design with precise Swiss craftsmanship, making it a standout accessory for any collection. The stainless steel case, paired with a genuine leather strap, showcases both durability and classic style. Perfectly functional and well-maintained, it offers both aesthetic appeal and everyday usability for watch enthusiasts.', 25543545.00, '5GYs7HKFgkPybUmK6KQ80mNBrZh1'),
	(9, 'Mouawad 1001 Nights Diamond Purse', 54345.00, '2025-05-15 14:37:00', 'Cars & Vehicles', '["1744363845864_prod-25(1).jpg","1744363845864_prod-25(2).jpg","1744363845864_prod-25(3).jpg","1744363845864_prod-25.jpg"]', 'This elegant vintage wristwatch combines timeless design with precise Swiss craftsmanship, making it a standout accessory for any collection. The stainless steel case, paired with a genuine leather strap, showcases both durability and classic style. Perfectly functional and well-maintained, it offers both aesthetic appeal and everyday usability for watch enthusiasts.', 15054345.00, '5GYs7HKFgkPybUmK6KQ80mNBrZh1'),
	(10, 'CHARLES & KEITH Cesia', 76767676.00, '2025-05-15 11:25:00', 'Real Estate', '["1744363892624_prod-26(1).jpg","1744363892624_prod-26(2).jpg","1744363892624_prod-26(3).jpg","1744363892624_prod-26.jpg"]', 'This elegant vintage wristwatch combines timeless design with precise Swiss craftsmanship, making it a standout accessory for any collection. The stainless steel case, paired with a genuine leather strap, showcases both durability and classic style. Perfectly functional and well-maintained, it offers both aesthetic appeal and everyday usability for watch enthusiasts.', 86767676.00, '5GYs7HKFgkPybUmK6KQ80mNBrZh1'),
	(11, 'Tote Nanfeng ChioAnd', 31242432.00, '2025-04-04 09:31:00', 'Sports Memorabilia', '["1744363916561_prod-29(1).jpg","1744363916561_prod-29(2).jpg","1744363916562_prod-29(3).jpg","1744363916562_prod-29.jpg"]', 'This elegant vintage wristwatch combines timeless design with precise Swiss craftsmanship, making it a standout accessory for any collection. The stainless steel case, paired with a genuine leather strap, showcases both durability and classic style. Perfectly functional and well-maintained, it offers both aesthetic appeal and everyday usability for watch enthusiasts.', 31242432.00, NULL),
	(12, 'Prada Brandy Top Handle Bag', 42334343.00, '2025-05-15 15:07:00', 'Music & Entertainment', '["1744363940283_prod-28(1).jpg","1744363940283_prod-28(2).jpg","1744363940284_prod-28(3).jpg","1744363940284_prod-28.jpg"]', 'This elegant vintage wristwatch combines timeless design with precise Swiss craftsmanship, making it a standout accessory for any collection. The stainless steel case, paired with a genuine leather strap, showcases both durability and classic style. Perfectly functional and well-maintained, it offers both aesthetic appeal and everyday usability for watch enthusiasts.', 47334343.00, '5GYs7HKFgkPybUmK6KQ80mNBrZh1'),
	(13, 'Judith Leiber Precious Rose', 33252.00, '2025-05-15 15:40:00', 'Home & Furniture', '["1744363959529_prod-27(1).jpg","1744363959529_prod-27(2).jpg","1744363959529_prod-27(3).jpg","1744363959529_prod-27.jpg"]', 'This elegant vintage wristwatch combines timeless design with precise Swiss craftsmanship, making it a standout accessory for any collection. The stainless steel case, paired with a genuine leather strap, showcases both durability and classic style. Perfectly functional and well-maintained, it offers both aesthetic appeal and everyday usability for watch enthusiasts.', 30033252.00, '5GYs7HKFgkPybUmK6KQ80mNBrZh1'),
	(14, 'Lana Marks Cleopatra Clutch', 76767655.00, '2025-05-15 15:55:00', 'Toys & Collectibles', '["1744363979056_prod-30(1).jpg","1744363979056_prod-30(2).jpg","1744363979056_prod-30(3).jpg","1744363979057_prod-30.jpg"]', 'This elegant vintage wristwatch combines timeless design with precise Swiss craftsmanship, making it a standout accessory for any collection. The stainless steel case, paired with a genuine leather strap, showcases both durability and classic style. Perfectly functional and well-maintained, it offers both aesthetic appeal and everyday usability for watch enthusiasts.', 76767655.00, NULL),
	(15, 'GRAFF WILD FLOWER DIAMOND', 2545435.00, '2025-05-04 20:23:00', 'Music & Entertainment', '["1744363999431_prod-24(1).jpg","1744363999431_prod-24(2).jpg","1744363999432_prod-24(3).jpg","1744363999432_prod-24.jpg"]', 'This elegant vintage wristwatch combines timeless design with precise Swiss craftsmanship, making it a standout accessory for any collection. The stainless steel case, paired with a genuine leather strap, showcases both durability and classic style. Perfectly functional and well-maintained, it offers both aesthetic appeal and everyday usability for watch enthusiasts.', 2545435.03, '5GYs7HKFgkPybUmK6KQ80mNBrZh1'),
	(16, 'Graff Butterfly Full Motif', 2343432.00, '2025-05-15 15:40:00', 'Home & Furniture', '["1744364026162_prod-26(1).jpg","1744364026162_prod-26(2).jpg","1744364026162_prod-26(3).jpg","1744364026162_prod-26.jpg"]', 'This elegant vintage wristwatch combines timeless design with precise Swiss craftsmanship, making it a standout accessory for any collection. The stainless steel case, paired with a genuine leather strap, showcases both durability and classic style. Perfectly functional and well-maintained, it offers both aesthetic appeal and everyday usability for watch enthusiasts.', 12343432.00, '5GYs7HKFgkPybUmK6KQ80mNBrZh1'),
	(17, 'Qianlong porcelain vase', 4342322.00, '2025-05-15 15:55:00', 'Music & Entertainment', '["1744364043197_prod-25(1).jpg","1744364043197_prod-25(2).jpg","1744364043198_prod-25(3).jpg","1744364043198_prod-25.jpg"]', 'This elegant vintage wristwatch combines timeless design with precise Swiss craftsmanship, making it a standout accessory for any collection. The stainless steel case, paired with a genuine leather strap, showcases both durability and classic style. Perfectly functional and well-maintained, it offers both aesthetic appeal and everyday usability for watch enthusiasts.', 19342322.00, '5GYs7HKFgkPybUmK6KQ80mNBrZh1'),
	(18, 'Headset A31KQ', 12323.00, '2025-05-15 15:55:00', 'Electronics & Gadgets', '["1744617064221_prod-8(1).png","1744617064225_prod-8(2).png","1744617064226_prod-8(3).png","1744617064227_prod-8(4).png"]', 'This elegant vintage wristwatch combines timeless design with precise Swiss craftsmanship, making it a standout accessory for any collection. The stainless steel case, paired with a genuine leather strap, showcases both durability and classic style. Perfectly functional and well-maintained, it offers both aesthetic appeal and everyday usability for watch enthusiasts.', 5012323.00, '5GYs7HKFgkPybUmK6KQ80mNBrZh1'),
	(19, 'Laptop Dell ', 1111111.00, '2025-05-15 21:13:00', 'Toys & Collectibles', '["1744617097467_prod-7(1).png","1744617097471_prod-7(2).png","1744617097473_prod-7(3).png","1744617097475_prod-7(4).png"]', 'This elegant vintage wristwatch combines timeless design with precise Swiss craftsmanship, making it a standout accessory for any collection. The stainless steel case, paired with a genuine leather strap, showcases both durability and classic style. Perfectly functional and well-maintained, it offers both aesthetic appeal and everyday usability for watch enthusiasts.', 21111111.00, '5GYs7HKFgkPybUmK6KQ80mNBrZh1'),
	(20, 'Motobike', 1111111.00, '2025-05-15 21:22:00', 'Sports Memorabilia', '["1745229954819_prod-32(1).jpg","1745229954820_prod-32(2).jpg","1745229954820_prod-32(3).jpg","1745229954821_prod-32.jpg"]', 'This elegant vintage wristwatch combines timeless design with precise Swiss craftsmanship, making it a standout accessory for any collection. The stainless steel case, paired with a genuine leather strap, showcases both durability and classic style. Perfectly functional and well-maintained, it offers both aesthetic appeal and everyday usability for watch enthusiasts.', 6111111.00, '4USb5jsNK4Yxhh9CrWvZJh4widm1'),
	(21, 'Magic pad', 1212121.00, '2025-05-15 21:35:00', 'Toys & Collectibles', '["1745331114716_prod-5(1).png","1745331114717_prod-5(2).png","1745331114718_prod-5(3).png","1745331114723_prod-5(4).png"]', 'This elegant vintage wristwatch combines timeless design with precise Swiss craftsmanship, making it a standout accessory for any collection. The stainless steel case, paired with a genuine leather strap, showcases both durability and classic style. Perfectly functional and well-maintained, it offers both aesthetic appeal and everyday usability for watch enthusiasts.', 16212121.00, '5GYs7HKFgkPybUmK6KQ80mNBrZh1'),
	(22, 'Coop Finest', 3232322.00, '2025-04-30 09:06:00', 'Real Estate', '["1745331241444_prod-4(1).png","1745331241455_prod-4(2).png","1745331241460_prod-4(3).png","1745331241468_prod-4(4).png"]', 'This elegant vintage wristwatch combines timeless design with precise Swiss craftsmanship, making it a standout accessory for any collection. The stainless steel case, paired with a genuine leather strap, showcases both durability and classic style. Perfectly functional and well-maintained, it offers both aesthetic appeal and everyday usability for watch enthusiasts.', 3232322.02, '5GYs7HKFgkPybUmK6KQ80mNBrZh1'),
	(23, 'Open minded book', 123233.00, '2025-04-12 14:15:00', 'Sports Memorabilia', '["1745331344881_prod-7(1).png","1745331344884_prod-7(2).png","1745331344891_prod-7(3).png","1745331344892_prod-7(4).png"]', 'This elegant vintage wristwatch combines timeless design with precise Swiss craftsmanship, making it a standout accessory for any collection. The stainless steel case, paired with a genuine leather strap, showcases both durability and classic style. Perfectly functional and well-maintained, it offers both aesthetic appeal and everyday usability for watch enthusiasts.', 123233.00, NULL),
	(24, 'Pathways Book', 313233.00, '2025-04-30 09:28:00', 'Art & Collectibles', '["1745331510596_prod-29(1).jpg","1745331510597_prod-29(2).jpg","1745331510597_prod-29(3).jpg","1745331510597_prod-29.jpg"]', 'This elegant vintage wristwatch combines timeless design with precise Swiss craftsmanship, making it a standout accessory for any collection. The stainless steel case, paired with a genuine leather strap, showcases both durability and classic style. Perfectly functional and well-maintained, it offers both aesthetic appeal and everyday usability for watch enthusiasts.', 313233.02, '5GYs7HKFgkPybUmK6KQ80mNBrZh1'),
	(25, 'Stephen Hawking', 123232.00, '2025-05-20 14:03:00', 'Home & Furniture', '["1745331858442_prod-25(1).jpg","1745331858442_prod-25(2).jpg","1745331858443_prod-25(3).jpg","1745331858443_prod-25.jpg"]', 'This elegant vintage wristwatch combines timeless design with precise Swiss craftsmanship, making it a standout accessory for any collection. The stainless steel case, paired with a genuine leather strap, showcases both durability and classic style. Perfectly functional and well-maintained, it offers both aesthetic appeal and everyday usability for watch enthusiasts.', 5123232.00, '5GYs7HKFgkPybUmK6KQ80mNBrZh1'),
	(26, 'Soffell', 1232132.00, '2025-05-20 11:42:00', 'Fashion & Accessories', '["1745332022464_prod-26(1).jpg","1745332022464_prod-26(2).jpg","1745332022465_prod-26(3).jpg","1745332022465_prod-26.jpg"]', 'This elegant vintage wristwatch combines timeless design with precise Swiss craftsmanship, making it a standout accessory for any collection. The stainless steel case, paired with a genuine leather strap, showcases both durability and classic style. Perfectly functional and well-maintained, it offers both aesthetic appeal and everyday usability for watch enthusiasts.', 6232132.00, '5GYs7HKFgkPybUmK6KQ80mNBrZh1'),
	(27, 'Natri Clorid', 1321322.00, '2025-05-20 14:03:00', 'Home & Furniture', '["1745332721362_prod-27(1).jpg","1745332721362_prod-27(2).jpg","1745332721362_prod-27(3).jpg","1745332721363_prod-27.jpg"]', 'This elegant vintage wristwatch combines timeless design with precise Swiss craftsmanship, making it a standout accessory for any collection. The stainless steel case, paired with a genuine leather strap, showcases both durability and classic style. Perfectly functional and well-maintained, it offers both aesthetic appeal and everyday usability for watch enthusiasts.', 16321322.00, '5GYs7HKFgkPybUmK6KQ80mNBrZh1'),
	(28, 'Natri Clorid 2', 1321322.00, '2025-05-17 08:55:00', 'Home & Furniture', '["1745333118246_prod-30(1).jpg","1745333118246_prod-30(2).jpg","1745333118247_prod-30(3).jpg","1745333118248_prod-30.jpg"]', 'This elegant vintage wristwatch combines timeless design with precise Swiss craftsmanship, making it a standout accessory for any collection. The stainless steel case, paired with a genuine leather strap, showcases both durability and classic style. Perfectly functional and well-maintained, it offers both aesthetic appeal and everyday usability for watch enthusiasts.', 6321322.00, '5GYs7HKFgkPybUmK6KQ80mNBrZh1'),
	(29, 'Natri Clorid 3', 1321322.00, '2025-04-29 22:34:00', 'Home & Furniture', '["1745333316942_prod-28(1).jpg","1745333316944_prod-28(2).jpg","1745333316944_prod-28(3).jpg","1745333316945_prod-28.jpg"]', 'This elegant vintage wristwatch combines timeless design with precise Swiss craftsmanship, making it a standout accessory for any collection. The stainless steel case, paired with a genuine leather strap, showcases both durability and classic style. Perfectly functional and well-maintained, it offers both aesthetic appeal and everyday usability for watch enthusiasts.', 1321322.00, NULL),
	(30, 'Music DVD', 1213232.00, '2025-04-25 15:23:00', 'Real Estate', '["1745564439128_Screenshot 2025-02-14 122846.png","1745564439134_Screenshot 2025-02-14 122930.png","1745564439139_Screenshot 2025-02-14 123017.png","1745564439140_Screenshot 2025-02-14 124449.png"]', 'This elegant vintage wristwatch is a perfect blend of timeless design and exceptional Swiss craftsmanship, making it a true standout accessory for any watch collection. The sophisticated stainless steel case, with its polished finish, exudes strength and resilience while maintaining a classic and refined aesthetic. The genuine leather strap adds an element of luxurious comfort and complements the watch\'s overall vintage charm, offering a seamless balance of durability and style.\n\nEvery detail of this exquisite timepiece has been carefully crafted, from the intricate movement that powers it to the sleek, minimalist dial that ensures ease of reading at a glance. Its delicate design is further enhanced by a subtle yet durable sapphire crystal glass, offering scratch resistance and ensuring the watch remains as beautiful as the day it was first crafted.\n\nNot only does this wristwatch possess exceptional aesthetic appeal, but it is also perfectly functional and well-maintained. Whether worn for formal occasions or as an everyday accessory, it provides both reliability and comfort. The meticulous Swiss engineering ensures that the watch keeps time accurately, making it a valuable addition to any collection. For watch enthusiasts, this piece is not just an accessory but a symbol of fine craftsmanship, rich heritage, and enduring style. Its design and quality make it a versatile companion that transitions seamlessly from day to night, whether you’re attending a business meeting, an elegant dinner, or enjoying a casual outing.\n\nA true classic, this vintage wristwatch offers not just a connection to the past but also a piece of history that can be cherished for years to come.', 1321322.00, NULL),
	(31, 'Xiaomi Redmi K30 Pro 5G', 32133332.00, '2025-04-25 16:26:00', 'Electronics & Gadgets', '["1745573236705_prod-4(1).png","1745573236716_prod-4(2).png","1745573236726_prod-4(3).png","1745573236735_prod-4(4).png"]', 'This elegant vintage wristwatch is a perfect blend of timeless design and exceptional Swiss craftsmanship, making it a true standout accessory for any watch collection. The sophisticated stainless steel case, with its polished finish, exudes strength and resilience while maintaining a classic and refined aesthetic. The genuine leather strap adds an element of luxurious comfort and complements the watch\'s overall vintage charm, offering a seamless balance of durability and style.\r\n\r\nEvery detail of this exquisite timepiece has been carefully crafted, from the intricate movement that powers it to the sleek, minimalist dial that ensures ease of reading at a glance. Its delicate design is further enhanced by a subtle yet durable sapphire crystal glass, offering scratch resistance and ensuring the watch remains as beautiful as the day it was first crafted.\r\n\r\nNot only does this wristwatch possess exceptional aesthetic appeal, but it is also perfectly functional and well-maintained. Whether worn for formal occasions or as an everyday accessory, it provides both reliability and comfort. The meticulous Swiss engineering ensures that the watch keeps time accurately, making it a valuable addition to any collection. For watch enthusiasts, this piece is not just an accessory but a symbol of fine craftsmanship, rich heritage, and enduring style. Its design and quality make it a versatile companion that transitions seamlessly from day to night, whether you’re attending a business meeting, an elegant dinner, or enjoying a casual outing.\r\n\r\nA true classic, this vintage wristwatch offers not just a connection to the past but also a piece of history that can be cherished for years to come.', 1321322.00, NULL),
	(32, 'Dogo Canario', 1233223.00, '2025-05-20 12:40:00', 'Real Estate', '["1745825017922_prod-2(1).jpg","1745825017930_prod-13(1).jpg","1745825017933_prod-13(2).jpg","1745825017935_prod-13(3).jpg"]', 'This elegant vintage wristwatch combines timeless design with precise Swiss craftsmanship, making it a standout accessory for any collection. The stainless steel case, paired with a genuine leather strap, showcases both durability and classic style. Perfectly functional and well-maintained, it offers both aesthetic appeal and everyday usability for watch enthusiasts.', 1321322.00, NULL),
	(33, 'Fluxedusax', 33232.00, '2025-05-20 12:40:00', 'Music & Entertainment', '["1745825128648_prod-6(2).png","1745825128648_prod-12(1).jpg","1745825128651_prod-12(2).jpg","1745825128653_prod-12(3).jpg"]', 'This elegant vintage wristwatch combines timeless design with precise Swiss craftsmanship, making it a standout accessory for any collection. The stainless steel case, paired with a genuine leather strap, showcases both durability and classic style. Perfectly functional and well-maintained, it offers both aesthetic appeal and everyday usability for watch enthusiasts.', 1321322.00, NULL),
	(34, 'Pie', 21323.00, '2025-05-17 08:50:00', 'Sports Memorabilia', '["1745944557202_4b7634621d476db51630c627825a03d7.jpg","1745944557205_30f5a9a433057e94662b7f752bbb3805.jpg","1745944557206_988ff97dc573215039a6d388b5358688.gif","1745944557267_37542-horror-748x421.jpg"]', 'This elegant vintage wristwatch combines timeless design with precise Swiss craftsmanship, making it a standout accessory for any collection. The stainless steel case, paired with a genuine leather strap, showcases both durability and classic style. Perfectly functional and well-maintained, it offers both aesthetic appeal and everyday usability for watch enthusiasts.', 1321322.08, '4USb5jsNK4Yxhh9CrWvZJh4widm1'),
	(35, 'Rolex Daytona Rainbow ', 1000000.00, '2025-05-17 08:54:00', 'Sports Memorabilia', '["1747367995644_prod-10(3).jpg","1747367995645_prod-11(1).jpg","1747367995647_prod-11(2).jpg","1747367995647_prod-11(3).jpg"]', 'This elegant vintage wristwatch combines timeless design with precise Swiss craftsmanship, making it a standout accessory for any collection. The stainless steel case, paired with a genuine leather strap, showcases both durability and classic style. Perfectly functional and well-maintained, it offers both aesthetic appeal and everyday usability for watch enthusiasts.', 6000000.00, '5GYs7HKFgkPybUmK6KQ80mNBrZh1'),
	(36, 'Bugatti La Voiture Noire', 5000000.00, '2025-05-17 08:37:00', 'Home & Furniture', '["1747368065112_prod-11(3).jpg","1747368065113_prod-13(1).jpg","1747368065116_prod-13(2).jpg","1747368065119_prod-13(3).jpg"]', 'This elegant vintage wristwatch combines timeless design with precise Swiss craftsmanship, making it a standout accessory for any collection. The stainless steel case, paired with a genuine leather strap, showcases both durability and classic style. Perfectly functional and well-maintained, it offers both aesthetic appeal and everyday usability for watch enthusiasts.', 10000000.00, '5GYs7HKFgkPybUmK6KQ80mNBrZh1'),
	(37, 'Macallan 1926 Fine & Rare ', 9000000.00, '2025-05-17 08:37:00', 'Fashion & Accessories', '["1747368116943_prod-8(1).png","1747368116945_prod-8(2).png","1747368116945_prod-8(3).png","1747368116946_prod-8(4).png"]', 'This elegant vintage wristwatch combines timeless design with precise Swiss craftsmanship, making it a standout accessory for any collection. The stainless steel case, paired with a genuine leather strap, showcases both durability and classic style. Perfectly functional and well-maintained, it offers both aesthetic appeal and everyday usability for watch enthusiasts.', 14000000.00, '5GYs7HKFgkPybUmK6KQ80mNBrZh1'),
	(38, ' Hermès Birkin Bag', 9000000.00, '2025-05-16 14:41:00', 'Real Estate', '["1747368164255_prod-7(1).png","1747368164257_prod-7(2).png","1747368164260_prod-7(3).png","1747368164261_prod-7(4).png"]', 'This elegant vintage wristwatch combines timeless design with precise Swiss craftsmanship, making it a standout accessory for any collection. The stainless steel case, paired with a genuine leather strap, showcases both durability and classic style. Perfectly functional and well-maintained, it offers both aesthetic appeal and everyday usability for watch enthusiasts.', 19000000.00, '4USb5jsNK4Yxhh9CrWvZJh4widm1');

-- Dumping data for table products.reserved_bids: ~1 rows (approximately)

-- Dumping data for table products.wallets: ~4 rows (approximately)
INSERT INTO `wallets` (`id`, `user_id`, `balance`, `pending_bids`) VALUES
	(1, '4USb5jsNK4Yxhh9CrWvZJh4widm1', 38489679.965500, 25111111.00),
	(2, '5GYs7HKFgkPybUmK6KQ80mNBrZh1', 16867255.984000, 11355364.00),
	(4, 'Mzc7l8vZNfOlITmXFIWXAzyt6cW2', 0.000000, 0.00),
	(5, 'QA82NKri6ZaugznfpMXUZmeie3y2', 0.000000, 0.00);

-- Dumping data for table products.wallet_transactions: ~119 rows (approximately)
INSERT INTO `wallet_transactions` (`id`, `wallet_id`, `type`, `amount`, `description`, `created_at`) VALUES
	(1, 1, 'Bids', 1321322.06, 'Bidding item : Pie', '2025-05-09 14:19:02'),
	(2, 1, 'Bids', 1321322.07, 'Bidding item : Pie', '2025-05-09 14:34:21'),
	(3, 1, 'Bids', 1321322.08, 'Bidding item : Pie', '2025-05-09 14:35:50'),
	(4, 1, 'Bids', 76767676.01, 'Bidding item : CHARLES & KEITH Cesia', '2025-05-10 14:01:12'),
	(5, 1, 'Bids', 76767676.02, 'Bidding item : CHARLES & KEITH Cesia', '2025-05-10 14:01:13'),
	(6, 1, 'Bids', 76767676.03, 'Bidding item : CHARLES & KEITH Cesia', '2025-05-10 14:01:14'),
	(7, 1, 'Bids', 76767676.04, 'Bidding item : CHARLES & KEITH Cesia', '2025-05-10 14:01:17'),
	(8, 1, 'Add Funds', 12321322.00, 'Add Funds', '2025-05-10 14:36:26'),
	(9, 1, 'Add Funds', 4323423.00, 'Add Funds', '2025-05-10 14:39:10'),
	(10, 1, 'Add Funds', 123213213.00, 'Add', '2025-05-10 14:40:12'),
	(11, 1, 'Withdrawal', 12333322.00, 'Withdrawl', '2025-05-10 14:48:39'),
	(12, 1, 'Add Funds', 1232321.00, 'Buy new laptop', '2025-05-10 14:59:51'),
	(13, 1, 'Add Funds', 13213213.00, 'DDOS', '2025-05-10 15:00:58'),
	(14, 1, 'Add Funds', 3123213.00, 'ACERRRE', '2025-05-10 15:02:13'),
	(15, 1, 'Add Funds', 1321312.00, 'WER', '2025-05-10 15:03:46'),
	(16, 1, 'Add Funds', 31231231.00, 'SEDAT', '2025-05-10 15:04:23'),
	(17, 1, 'Withdrawal', 12321321.00, 'asdasd', '2025-05-10 15:07:13'),
	(18, 1, 'Add Funds', 9999999999.99, 'test confirm', '2025-05-11 10:18:45'),
	(19, 1, 'Add Funds', 123123131.00, 'RDU', '2025-05-11 10:21:57'),
	(20, 1, 'Bids', 9867676.01, 'Bidding item : GIOVANNI handbags', '2025-05-11 10:23:19'),
	(21, 1, 'Bids', 9867676.02, 'Bidding item : GIOVANNI handbags', '2025-05-11 10:23:20'),
	(22, 1, 'Bids', 9867676.03, 'Bidding item : GIOVANNI handbags', '2025-05-11 10:23:21'),
	(23, 1, 'Confirm', 9867676.03, 'Comfirm payment: GIOVANNI handbags', '2025-05-11 10:24:34'),
	(24, 1, 'Add Funds', 1312312321.00, 'POI', '2025-05-11 10:40:33'),
	(25, 1, 'Add Funds', 1231231231.00, 'EFS', '2025-05-11 10:41:51'),
	(26, 2, 'Bids', 6212122.00, 'Bidding item : Nike Off-White x Air Jordan 1 Retro High OG ‘Chicago’ ', '2025-05-11 16:39:38'),
	(27, 2, 'Add Funds', 12313213.00, 'DEER', '2025-05-11 16:50:29'),
	(28, 2, 'Withdrawal', 2000000.00, 'SEERSA', '2025-05-11 16:51:33'),
	(29, 2, 'Add Funds', 3000000.00, 'PIUSD', '2025-05-11 16:54:26'),
	(30, 2, 'Add Funds', 4000000.00, 'SDW', '2025-05-11 17:05:23'),
	(31, 2, 'Add Funds', 4000000.00, 'DERRRE', '2025-05-11 17:48:19'),
	(32, 2, 'Add Funds', 4000000.00, 'DDEQ', '2025-05-11 17:56:17'),
	(33, 2, 'Add Funds', 4000000.00, 'SEWW', '2025-05-11 17:57:12'),
	(34, 2, 'Add Funds', 4000000.00, 'IWKE', '2025-05-11 17:59:37'),
	(35, 2, 'Add Funds', 4000000.00, 'SQEW', '2025-05-11 18:02:25'),
	(36, 2, 'Add Funds', 4000000.00, 'WEQW', '2025-05-11 18:03:17'),
	(37, 2, 'Add Funds', 4000000.00, 'KWE', '2025-05-11 18:08:10'),
	(38, 2, 'Add Funds', 3000000.00, 'QWQ', '2025-05-11 18:09:00'),
	(39, 2, 'Add Funds', 1000000.00, 'OWQ', '2025-05-11 18:10:14'),
	(40, 2, 'Add Funds', 5000000.00, 'QWQW', '2025-05-11 18:10:46'),
	(41, 1, 'Add Funds', 23000000.00, 'QWMAS', '2025-05-12 14:23:01'),
	(42, 1, 'Bids', 5321323.00, 'Bidding item : Nike Dunk High Retro Men\'s Gymnastic', '2025-05-12 14:37:34'),
	(43, 1, 'Bids', 10321323.00, 'Bidding item : Nike Dunk High Retro Men\'s Gymnastic', '2025-05-12 14:37:53'),
	(44, 1, 'Withdrawal', 3000000.00, 'QOSDD', '2025-05-12 15:00:07'),
	(45, 1, 'Add Funds', 15000000.00, 'SQES', '2025-05-12 15:03:36'),
	(46, 1, 'Confirm', 10321323.00, 'Comfirm payment: Nike Dunk High Retro Men\'s Gymnastic', '2025-05-12 15:30:54'),
	(47, 1, 'Add Funds', 20000000.00, 'KQSDS', '2025-05-12 16:47:16'),
	(48, 1, 'Bids', 7324344.00, 'Bidding item : Adidas ZX 8000 Kawasaki Shoes Men\'s', '2025-05-13 14:12:21'),
	(49, 1, 'Bids', 12324344.00, 'Bidding item : Adidas ZX 8000 Kawasaki Shoes Men\'s', '2025-05-13 14:12:48'),
	(50, 2, 'Bids', 17324344.00, 'Bidding item : Adidas ZX 8000 Kawasaki Shoes Men\'s', '2025-05-13 14:17:01'),
	(51, 1, 'Bids', 22324344.00, 'Bidding item : Adidas ZX 8000 Kawasaki Shoes Men\'s', '2025-05-13 14:17:48'),
	(52, 2, 'Add Funds', 20000000.00, 'JSAS', '2025-05-13 14:25:08'),
	(53, 2, 'Bids', 27324344.00, 'Bidding item : Adidas ZX 8000 Kawasaki Shoes Men\'s', '2025-05-13 14:51:09'),
	(54, 1, 'Add Funds', 15000000.00, 'IQNS', '2025-05-13 14:51:39'),
	(55, 1, 'Bids', 32324344.00, 'Bidding item : Adidas ZX 8000 Kawasaki Shoes Men\'s', '2025-05-13 14:51:50'),
	(56, 2, 'Bids', 37324344.00, 'Bidding item : Adidas ZX 8000 Kawasaki Shoes Men\'s', '2025-05-13 14:52:54'),
	(57, 2, 'Bids', 37324344.00, 'Bidding item : Adidas ZX 8000 Kawasaki Shoes Men\'s', '2025-05-13 14:53:00'),
	(58, 2, 'Add Funds', 2000000.00, 'KQWDS', '2025-05-13 14:53:19'),
	(59, 2, 'Bids', 37324344.00, 'Bidding item : Adidas ZX 8000 Kawasaki Shoes Men\'s', '2025-05-13 14:53:36'),
	(60, 2, 'Add Funds', 10000000.00, 'KSND', '2025-05-13 15:04:18'),
	(61, 2, 'Bids', 42324344.00, 'Bidding item : Adidas ZX 8000 Kawasaki Shoes Men\'s', '2025-05-13 15:04:32'),
	(62, 2, 'Bids', 47324344.00, 'Bidding item : Adidas ZX 8000 Kawasaki Shoes Men\'s', '2025-05-13 15:13:53'),
	(63, 2, 'Bids', 5433523.00, 'Bidding item : Himalaya handbags', '2025-05-13 15:26:44'),
	(64, 2, 'Add Funds', 10000000.00, 'OQNDS', '2025-05-13 15:26:58'),
	(65, 2, 'Bids', 5433523.00, 'Bidding item : Himalaya handbags', '2025-05-13 15:27:16'),
	(66, 2, 'Bids', 10433523.00, 'Bidding item : Himalaya handbags', '2025-05-13 15:27:25'),
	(67, 2, 'Bids', 15433523.00, 'Bidding item : Himalaya handbags', '2025-05-13 15:33:40'),
	(68, 2, 'Bids', 15433523.00, 'Bidding item : Himalaya handbags', '2025-05-13 15:35:53'),
	(69, 2, 'Bids', 15433523.00, 'Bidding item : Himalaya handbags', '2025-05-13 15:39:44'),
	(70, 2, 'Bids', 15433523.00, 'Bidding item : Himalaya handbags', '2025-05-13 15:40:34'),
	(71, 2, 'Bids', 15433523.00, 'Bidding item : Himalaya handbags', '2025-05-13 15:42:52'),
	(72, 2, 'Bids', 15433523.00, 'Bidding item : Himalaya handbags', '2025-05-13 15:43:54'),
	(73, 2, 'Bids', 81767676.00, 'Bidding item : CHARLES & KEITH Cesia', '2025-05-15 12:23:35'),
	(74, 2, 'Add Funds', 10000000.00, 'QƯEW', '2025-05-15 12:23:53'),
	(75, 2, 'Bids', 81767676.00, 'Bidding item : CHARLES & KEITH Cesia', '2025-05-15 12:24:04'),
	(76, 2, 'Add Funds', 100000000.00, 'QƯQƯE', '2025-05-15 12:24:18'),
	(77, 2, 'Confirm', 10433523.00, 'Comfirm payment: Himalaya handbags', '2025-05-15 15:25:29'),
	(78, 2, 'Bids', 5054345.00, 'Bidding item : Mouawad 1001 Nights Diamond Purse', '2025-05-15 15:34:18'),
	(79, 1, 'Bids', 10054345.00, 'Bidding item : Mouawad 1001 Nights Diamond Purse', '2025-05-15 15:34:44'),
	(80, 2, 'Confirm', 15054345.00, 'Comfirm payment: Mouawad 1001 Nights Diamond Purse', '2025-05-15 15:38:52'),
	(81, 1, 'Bids', 10543545.00, 'Bidding item : Chanel Diamond Forever Bag', '2025-05-15 15:48:21'),
	(82, 1, 'Bids', 20543545.00, 'Bidding item : Chanel Diamond Forever Bag', '2025-05-15 15:50:26'),
	(83, 2, 'Confirm', 42324344.00, 'Comfirm payment: Adidas ZX 8000 Kawasaki Shoes Men\'s', '2025-05-15 15:51:23'),
	(84, 1, 'Bids', 10033252.00, 'Bidding item : Judith Leiber Precious Rose', '2025-05-15 16:30:02'),
	(85, 1, 'Bids', 25033252.00, 'Bidding item : Judith Leiber Precious Rose', '2025-05-15 16:36:29'),
	(86, 1, 'Bids', 14342322.00, 'Bidding item : Qianlong porcelain vase', '2025-05-15 16:52:59'),
	(87, 2, 'Add Funds', 50000000.00, 'GƯERG', '2025-05-15 22:00:02'),
	(88, 1, 'Bids', 6111111.00, 'Bidding item : Laptop Dell ', '2025-05-15 22:10:07'),
	(89, 1, 'Bids', 16111111.00, 'Bidding item : Laptop Dell ', '2025-05-15 22:10:12'),
	(90, 2, 'Confirm', 25543545.00, 'Comfirm payment: Chanel Diamond Forever Bag', '2025-05-15 22:18:59'),
	(91, 1, 'Bids', 6111111.00, 'Bidding item : Motobike', '2025-05-15 22:20:20'),
	(92, 2, 'Bids', 6212121.00, 'Bidding item : Magic pad', '2025-05-15 22:33:01'),
	(93, 1, 'Bids', 11212121.00, 'Bidding item : Magic pad', '2025-05-15 22:33:24'),
	(94, 2, 'Bids', 14000000.00, 'Bidding item :  Hermès Birkin Bag', '2025-05-16 15:37:40'),
	(95, 2, 'Bids', 24000000.00, 'Bidding item :  Hermès Birkin Bag', '2025-05-16 15:37:49'),
	(96, 2, 'Confirm', 47334343.00, 'Comfirm payment: Prada Brandy Top Handle Bag', '2025-05-16 15:38:46'),
	(97, 2, 'Bids', 14000000.00, 'Bidding item : Macallan 1926 Fine & Rare ', '2025-05-17 09:34:05'),
	(98, 2, 'Bids', 10000000.00, 'Bidding item : Bugatti La Voiture Noire', '2025-05-17 09:34:09'),
	(99, 2, 'Add Funds', 10000000.00, 'IWNE', '2025-05-17 09:43:06'),
	(100, 2, 'Add Funds', 10000000.00, 'NFWE', '2025-05-17 09:43:23'),
	(101, 2, 'Bids', 6000000.00, 'Bidding item : Rolex Daytona Rainbow ', '2025-05-17 09:43:48'),
	(102, 2, 'Bids', 6321322.00, 'Bidding item : Natri Clorid 2', '2025-05-17 09:54:10'),
	(103, 2, 'Withdrawal', 50000000.00, 'TEST 2 PENDING', '2025-05-19 14:22:42'),
	(104, 2, 'Withdrawal', 42000000.00, 'ÊWWWW', '2025-05-20 12:39:51'),
	(105, 2, 'Bids', 6232132.00, 'Bidding item : Soffell', '2025-05-20 12:40:12'),
	(106, 2, 'Bids', 5123232.00, 'Bidding item : Stephen Hawking', '2025-05-20 12:40:26'),
	(107, 2, 'Bids', 5123232.00, 'Bidding item : Stephen Hawking', '2025-05-20 12:40:31'),
	(108, 2, 'Bids', 11232132.00, 'Bidding item : Soffell', '2025-05-20 12:40:50'),
	(109, 2, 'Add Funds', 13000000.00, 'KBCCC', '2025-05-20 14:41:08'),
	(110, 2, 'Bids', 6321322.00, 'Bidding item : Natri Clorid', '2025-05-20 14:49:41'),
	(111, 2, 'Bids', 5123232.00, 'Bidding item : Stephen Hawking', '2025-05-20 14:49:58'),
	(112, 2, 'Bids', 6321322.00, 'Bidding item : Natri Clorid', '2025-05-20 14:52:09'),
	(113, 2, 'Bids', 6321322.00, 'Bidding item : Natri Clorid', '2025-05-20 14:52:17'),
	(114, 2, 'Bids', 6321322.00, 'Bidding item : Natri Clorid', '2025-05-20 15:00:41'),
	(115, 2, 'Bids', 5123232.00, 'Bidding item : Stephen Hawking', '2025-05-20 15:00:46'),
	(116, 1, 'Bids', 11321322.00, 'Bidding item : Natri Clorid', '2025-05-20 15:01:22'),
	(117, 2, 'Bids', 5123232.00, 'Bidding item : Stephen Hawking', '2025-05-20 15:01:31'),
	(118, 2, 'Bids', 16321322.00, 'Bidding item : Natri Clorid', '2025-05-20 15:01:44'),
	(119, 2, 'Add Funds', 20000000.00, 'JQW', '2025-05-20 15:02:20'),
	(120, 2, 'Bids', 16321322.00, 'Bidding item : Natri Clorid', '2025-05-20 15:02:29'),
	(121, 2, 'Confirm', 16321322.00, 'Comfirm payment: Natri Clorid', '2025-05-20 15:05:07'),
	(122, 2, 'Confirm', 6321322.00, 'Comfirm payment: Natri Clorid 2', '2025-05-20 15:08:52');

-- Dumping data for table products.won_items: ~29 rows (approximately)
INSERT INTO `won_items` (`id`, `user_id`, `product_id`, `final_price`, `status`, `won_at`, `created_at`, `payment_due`) VALUES
	(1, '4USb5jsNK4Yxhh9CrWvZJh4widm1', 29, 1321322.00, 'Received', '2025-04-29 23:33:02', '2025-04-29 23:33:02', '2025-05-02 23:33:02'),
	(2, '5GYs7HKFgkPybUmK6KQ80mNBrZh1', 30, 1213232.00, 'Received', '2025-04-29 23:33:02', '2025-04-29 23:33:02', '2025-05-02 23:33:02'),
	(3, '4USb5jsNK4Yxhh9CrWvZJh4widm1', 31, 38133332.02, 'Delivered', '2025-04-29 23:33:02', '2025-04-29 23:33:02', '2025-05-02 23:33:02'),
	(4, '4USb5jsNK4Yxhh9CrWvZJh4widm1', 32, 1233223.01, 'Delivered', '2025-04-29 23:33:02', '2025-04-29 23:33:02', '2025-05-02 23:33:02'),
	(5, '5GYs7HKFgkPybUmK6KQ80mNBrZh1', 33, 33232.02, 'Received', '2025-04-29 23:33:02', '2025-04-29 23:33:02', '2025-05-02 23:33:02'),
	(6, '5GYs7HKFgkPybUmK6KQ80mNBrZh1', 34, 21323.01, 'Received', '2025-04-29 23:37:02', '2025-04-29 23:37:02', '2025-05-02 23:37:02'),
	(7, '5GYs7HKFgkPybUmK6KQ80mNBrZh1', 24, 313233.02, 'Received', '2025-04-30 10:28:00', '2025-04-30 10:28:00', '2025-05-03 10:28:00'),
	(8, '5GYs7HKFgkPybUmK6KQ80mNBrZh1', 15, 2545435.03, 'Delivered', '2025-05-04 21:23:00', '2025-05-04 21:23:00', '2025-05-07 21:23:00'),
	(9, '4USb5jsNK4Yxhh9CrWvZJh4widm1', 7, 9867676.03, 'Delivered', '2025-05-11 10:24:08', '2025-05-11 10:24:08', '2025-05-14 10:24:08'),
	(10, '4USb5jsNK4Yxhh9CrWvZJh4widm1', 4, 10321323.00, 'Received', '2025-05-12 14:38:00', '2025-05-12 14:38:00', '2025-05-15 14:38:00'),
	(11, '5GYs7HKFgkPybUmK6KQ80mNBrZh1', 5, 42324344.00, 'Delivered', '2025-05-13 15:07:00', '2025-05-15 18:07:00', '2025-05-16 15:07:00'),
	(12, '5GYs7HKFgkPybUmK6KQ80mNBrZh1', 10, 86767676.00, 'Cancel', '2025-05-15 12:26:06', '2025-05-15 15:10:06', '2025-05-18 12:26:06'),
	(13, '5GYs7HKFgkPybUmK6KQ80mNBrZh1', 6, 10433523.00, 'Delivered', '2025-05-15 14:09:44', '2025-05-18 14:09:44', '2025-05-20 14:09:44'),
	(14, '5GYs7HKFgkPybUmK6KQ80mNBrZh1', 9, 15054345.00, 'Delivered', '2025-05-15 15:37:01', '2025-05-18 15:37:01', '2025-05-20 15:37:01'),
	(17, '5GYs7HKFgkPybUmK6KQ80mNBrZh1', 8, 25543545.00, 'Delivered', '2025-05-15 15:53:53', '2025-05-18 15:53:53', '2025-05-20 15:53:53'),
	(18, '5GYs7HKFgkPybUmK6KQ80mNBrZh1', 12, 47334343.00, 'Received', '2025-05-15 16:07:28', '2025-05-18 16:07:28', '2025-05-20 16:07:28'),
	(19, '5GYs7HKFgkPybUmK6KQ80mNBrZh1', 17, 19342322.00, 'Cancel', '2025-05-15 16:55:49', '2025-05-18 16:55:49', '2025-05-20 16:55:49'),
	(20, '5GYs7HKFgkPybUmK6KQ80mNBrZh1', 18, 5012323.00, 'Cancel', '2025-05-15 16:57:36', '2025-05-18 16:57:36', '2025-05-20 16:57:36'),
	(21, '5GYs7HKFgkPybUmK6KQ80mNBrZh1', 19, 21111111.00, 'Cancel', '2025-05-15 22:13:31', '2025-05-18 22:13:31', '2025-05-20 22:13:31'),
	(22, '4USb5jsNK4Yxhh9CrWvZJh4widm1', 20, 6111111.00, 'Pending', '2025-05-15 22:22:08', '2025-05-18 22:22:08', '2025-05-20 22:22:08'),
	(23, '5GYs7HKFgkPybUmK6KQ80mNBrZh1', 21, 16212121.00, 'Cancel', '2025-05-15 22:36:38', '2025-05-18 22:36:38', '2025-05-20 22:36:38'),
	(24, '4USb5jsNK4Yxhh9CrWvZJh4widm1', 38, 19000000.00, 'Pending', '2025-05-16 15:41:00', '2025-05-19 15:41:00', '2025-05-21 15:41:00'),
	(25, '5GYs7HKFgkPybUmK6KQ80mNBrZh1', 37, 14000000.00, 'Cancel', '2025-05-17 09:37:47', '2025-05-20 09:37:47', '2025-05-22 09:37:47'),
	(26, '5GYs7HKFgkPybUmK6KQ80mNBrZh1', 36, 10000000.00, 'Cancel', '2025-05-17 09:37:54', '2025-05-20 09:37:54', '2025-05-22 09:37:54'),
	(27, '5GYs7HKFgkPybUmK6KQ80mNBrZh1', 35, 6000000.00, 'Cancel', '2025-05-17 09:44:02', '2025-05-20 09:44:02', '2025-05-22 09:44:02'),
	(28, '5GYs7HKFgkPybUmK6KQ80mNBrZh1', 26, 6232132.00, 'Pending', '2025-05-20 12:42:00', '2025-05-23 12:42:00', '2025-05-25 12:42:00'),
	(29, '5GYs7HKFgkPybUmK6KQ80mNBrZh1', 28, 6321322.00, 'Received', '2025-05-20 14:47:39', '2025-05-23 14:47:39', '2025-05-25 14:47:39'),
	(30, '5GYs7HKFgkPybUmK6KQ80mNBrZh1', 27, 16321322.00, 'Received', '2025-05-20 15:03:00', '2025-05-23 15:03:00', '2025-05-25 15:03:00'),
	(31, '5GYs7HKFgkPybUmK6KQ80mNBrZh1', 25, 5123232.00, 'Pending', '2025-05-20 15:03:05', '2025-05-23 15:03:05', '2025-05-25 15:03:05');

/*!40103 SET TIME_ZONE=IFNULL(@OLD_TIME_ZONE, 'system') */;
/*!40101 SET SQL_MODE=IFNULL(@OLD_SQL_MODE, '') */;
/*!40014 SET FOREIGN_KEY_CHECKS=IFNULL(@OLD_FOREIGN_KEY_CHECKS, 1) */;
/*!40101 SET CHARACTER_SET_CLIENT=@OLD_CHARACTER_SET_CLIENT */;
/*!40111 SET SQL_NOTES=IFNULL(@OLD_SQL_NOTES, 1) */;
